Workbook

Sheet Resumen
A1: Réplica de Loftus y Burns (1982) · Resumen en vivo
A2: ESIC University · Métodos, Diseño y Técnicas de Investigación en Psicología · Tema 4
A4: Cohorte a analizar (vacío = todas):
A5: Excluidos automáticamente: conocían el estudio, no vieron bien las imágenes o cambiaron de pestaña.
A7: Aciertos de relleno (VD, 0-10) | B7: Experimental | C7: Control | D7: Diferencia
A8: n incluidos | B8: =SUMPRODUCT((Respuestas!$C$2:$C$3000="experimental")*(Respuestas!$BG$2:$BG$3000<>"Sí")*(Respuestas!$BF$2:$BF$3000<>"No")*(Respuestas!$J$2:$J$3000=0)*(((Respuestas!$B$2:$B$3000=$B$4)+($B$4=""))>0)) | C8: =SUMPRODUCT((Respuestas!$C$2:$C$3000="control")*(Respuestas!$BG$2:$BG$3000<>"Sí")*(Respuestas!$BF$2:$BF$3000<>"No")*(Respuestas!$J$2:$J$3000=0)*(((Respuestas!$B$2:$B$3000=$B$4)+($B$4=""))>0))
A9: Media | B9: =IFERROR(SUMPRODUCT((Respuestas!$C$2:$C$3000="experimental")*(Respuestas!$BG$2:$BG$3000<>"Sí")*(Respuestas!$BF$2:$BF$3000<>"No")*(Respuestas!$J$2:$J$3000=0)*(((Respuestas!$B$2:$B$3000=$B$4)+($B$4=""))>0)*Respuestas!$BA$2:$BA$3000)/B8,"") | C9: =IFERROR(SUMPRODUCT((Respuestas!$C$2:$C$3000="control")*(Respuestas!$BG$2:$BG$3000<>"Sí")*(Respuestas!$BF$2:$BF$3000<>"No")*(Respuestas!$J$2:$J$3000=0)*(((Respuestas!$B$2:$B$3000=$B$4)+($B$4=""))>0)*Respuestas!$BA$2:$BA$3000)/C8,"") | D9: =IFERROR(B9-C9,"")
A10: Desviación típica | B10: =IFERROR(SQRT(SUMPRODUCT((Respuestas!$C$2:$C$3000="experimental")*(Respuestas!$BG$2:$BG$3000<>"Sí")*(Respuestas!$BF$2:$BF$3000<>"No")*(Respuestas!$J$2:$J$3000=0)*(((Respuestas!$B$2:$B$3000=$B$4)+($B$4=""))>0)*(Respuestas!$BA$2:$BA$3000-B9)^2)/(B8-1)),"") | C10: =IFERROR(SQRT(SUMPRODUCT((Respuestas!$C$2:$C$3000="control")*(Respuestas!$BG$2:$BG$3000<>"Sí")*(Respuestas!$BF$2:$BF$3000<>"No")*(Respuestas!$J$2:$J$3000=0)*(((Respuestas!$B$2:$B$3000=$B$4)+($B$4=""))>0)*(Respuestas!$BA$2:$BA$3000-C9)^2)/(C8-1)),"")
A11: % de aciertos | B11: =IFERROR(B9/10,"") | C11: =IFERROR(C9/10,"")
A13: t de Welch (medias independientes) | B13: Valor
A14: t | B14: =IFERROR(D9/SQRT(B10^2/B8+C10^2/C8),"")
A15: grados de libertad (Welch) | B15: =IFERROR((B10^2/B8+C10^2/C8)^2/((B10^2/B8)^2/(B8-1)+(C10^2/C8)^2/(C8-1)),"")
A16: p bilateral (TDIST trunca los gl) | B16: =IFERROR(TDIST(ABS(B14),B15,2),"")
A17: d de Cohen | B17: =IFERROR(D9/SQRT(((B8-1)*B10^2+(C8-1)*C10^2)/(B8+C8-2)),"")
A18: La U de Mann-Whitney (no paramétrica) se calcula en resultados.html.
A20: Ítem crítico: recuerdo del 17 | B20: Experimental | C20: Control
A21: Aciertos (n) | B21: =SUMPRODUCT((Respuestas!$C$2:$C$3000="experimental")*(Respuestas!$BG$2:$BG$3000<>"Sí")*(Respuestas!$BF$2:$BF$3000<>"No")*(Respuestas!$J$2:$J$3000=0)*(((Respuestas!$B$2:$B$3000=$B$4)+($B$4=""))>0)*Respuestas!$AV$2:$AV$3000) | C21: =SUMPRODUCT((Respuestas!$C$2:$C$3000="control")*(Respuestas!$BG$2:$BG$3000<>"Sí")*(Respuestas!$BF$2:$BF$3000<>"No")*(Respuestas!$J$2:$J$3000=0)*(((Respuestas!$B$2:$B$3000=$B$4)+($B$4=""))>0)*Respuestas!$AV$2:$AV$3000)
A22: % de aciertos | B22: =IFERROR(B21/B8,"") | C22: =IFERROR(C21/C8,"")
A23: χ² (1 gl, corrección de Yates) | B23: =IFERROR((B8+C8)*MAX(0,ABS(B21*(C8-C21)-(B8-B21)*C21)-(B8+C8)/2)^2/((B21+(B8-B21))*(C21+(C8-C21))*(B21+C21)*((B8-B21)+(C8-C21))),"")
A24: p | B24: =IFERROR(CHIDIST(B23,1),"")
A26: Ítem crítico: reconocimiento (10/13/1/17) | B26: Experimental | C26: Control
A27: Aciertos (n) | B27: =SUMPRODUCT((Respuestas!$C$2:$C$3000="experimental")*(Respuestas!$BG$2:$BG$3000<>"Sí")*(Respuestas!$BF$2:$BF$3000<>"No")*(Respuestas!$J$2:$J$3000=0)*(((Respuestas!$B$2:$B$3000=$B$4)+($B$4=""))>0)*Respuestas!$AY$2:$AY$3000) | C27: =SUMPRODUCT((Respuestas!$C$2:$C$3000="control")*(Respuestas!$BG$2:$BG$3000<>"Sí")*(Respuestas!$BF$2:$BF$3000<>"No")*(Respuestas!$J$2:$J$3000=0)*(((Respuestas!$B$2:$B$3000=$B$4)+($B$4=""))>0)*Respuestas!$AY$2:$AY$3000)
A28: % de aciertos | B28: =IFERROR(B27/B8,"") | C28: =IFERROR(C27/C8,"") | D28: azar = 25 %
A29: χ² (1 gl, corrección de Yates) | B29: =IFERROR((B8+C8)*MAX(0,ABS(B27*(C8-C27)-(B8-B27)*C27)-(B8+C8)/2)^2/((B27+(B8-B27))*(C27+(C8-C27))*(B27+C27)*((B8-B27)+(C8-C27))),"")
A30: p | B30: =IFERROR(CHIDIST(B29,1),"")
A32: Control de la manipulación: malestar (1-5) | B32: Experimental | C32: Control
A33: Media | B33: =IFERROR(SUMPRODUCT((Respuestas!$C$2:$C$3000="experimental")*(Respuestas!$BG$2:$BG$3000<>"Sí")*(Respuestas!$BF$2:$BF$3000<>"No")*(Respuestas!$J$2:$J$3000=0)*(((Respuestas!$B$2:$B$3000=$B$4)+($B$4=""))>0)*Respuestas!$BE$2:$BE$3000)/B8,"") | C33: =IFERROR(SUMPRODUCT((Respuestas!$C$2:$C$3000="control")*(Respuestas!$BG$2:$BG$3000<>"Sí")*(Respuestas!$BF$2:$BF$3000<>"No")*(Respuestas!$J$2:$J$3000=0)*(((Respuestas!$B$2:$B$3000=$B$4)+($B$4=""))>0)*Respuestas!$BE$2:$BE$3000)/C8,"")
A34: Desviación típica | B34: =IFERROR(SQRT(SUMPRODUCT((Respuestas!$C$2:$C$3000="experimental")*(Respuestas!$BG$2:$BG$3000<>"Sí")*(Respuestas!$BF$2:$BF$3000<>"No")*(Respuestas!$J$2:$J$3000=0)*(((Respuestas!$B$2:$B$3000=$B$4)+($B$4=""))>0)*(Respuestas!$BE$2:$BE$3000-B33)^2)/(B8-1)),"") | C34: =IFERROR(SQRT(SUMPRODUCT((Respuestas!$C$2:$C$3000="control")*(Respuestas!$BG$2:$BG$3000<>"Sí")*(Respuestas!$BF$2:$BF$3000<>"No")*(Respuestas!$J$2:$J$3000=0)*(((Respuestas!$B$2:$B$3000=$B$4)+($B$4=""))>0)*(Respuestas!$BE$2:$BE$3000-C33)^2)/(C8-1)),"")
A35: t de Welch | B35: =IFERROR((B33-C33)/SQRT(B34^2/B8+C34^2/C8),"")
A36: p bilateral | B36: =IFERROR(TDIST(ABS(B35),(B34^2/B8+C34^2/C8)^2/((B34^2/B8)^2/(B8-1)+(C34^2/C8)^2/(C8-1)),2),"")
A38: Referencia original (Exp. 1): recuerdo del 17 = 4,3 % (violento) vs. 27,9 % (no violento); χ²(1) = 21,72.

Sheet Respuestas
A1: id | B1: cohorte | C1: condicion | D1: asignacion | E1: fecha_inicio | F1: fecha_fin | G1: duracion_s | H1: movil | I1: pantalla | J1: cambios_pestana | K1: salidas_pantalla_completa | L1: secuencia_vista | M1: tiempos_escenas_ms | N1: stroop_aciertos | O1: stroop_errores | P1: stroop_tr_medio_ms | Q1: p01 | R1: p01_ok | S1: p01_conf | T1: p02 | U1: p02_ok | V1: p02_conf | W1: p03 | X1: p03_ok | Y1: p03_conf | Z1: p04 | AA1: p04_ok | AB1: p04_conf | AC1: p05 | AD1: p05_ok | AE1: p05_conf | AF1: p06 | AG1: p06_ok | AH1: p06_conf | AI1: p07 | AJ1: p07_ok | AK1: p07_conf | AL1: p08 | AM1: p08_ok | AN1: p08_conf | AO1: p09 | AP1: p09_ok | AQ1: p09_conf | AR1: p10 | AS1: p10_ok | AT1: p10_conf | AU1: c1_recuerdo | AV1: c1_recuerdo_ok | AW1: c1_recuerdo_conf | AX1: c2_reconocimiento | AY1: c2_reconocimiento_ok | AZ1: c2_reconocimiento_conf | BA1: aciertos_relleno | BB1: n_items_relleno | BC1: confianza_media_relleno | BD1: interes | BE1: malestar | BF1: condiciones | BG1: conocia | BH1: edad | BI1: recibido

Sheet Clave
A1: Ítem | B1: Pregunta | C1: Respuesta correcta | D1: Tipo | E1: Dónde se ve
A2: p01 | B2: ¿Cuántas personas aparecían en la primera escena? | C2: 2 | D2: relleno | E2: todas (máx. 2 personas)
A3: p02 | B3: ¿De qué color era la chaqueta del hombre de pelo rizado? | C3: Beige | D3: relleno | E3: común + ambos finales
A4: p03 | B4: ¿Qué prenda llevaba en la parte de arriba el hombre más joven? | C4: Una camiseta sin mangas | D4: relleno | E4: común + 1.ª escena de ambos finales
A5: p04 | B5: ¿De qué color eran los calcetines del hombre más joven? | C5: Blancos | D5: relleno | E5: común + 1.ª escena de ambos finales
A6: p05 | B6: ¿Qué calzado llevaba el hombre de pelo rizado? | C6: Zapatos marrones | D6: relleno | E6: común + ambos finales
A7: p06 | B7: ¿De qué color era el coche aparcado más alejado de la cámara (al fondo)? | C7: Blanco | D7: relleno | E7: fondo (todas)
A8: p07 | B8: ¿Qué tipo de establecimiento había en el lado derecho de la calle? | C8: Una tienda de cerámica / decoración | D8: relleno | E8: fondo (todas)
A9: p08 | B9: ¿Había un árbol en la acera? | C9: Sí | D9: relleno | E9: fondo (todas)
A10: p09 | B10: ¿Se veía alguna planta en el escaparate? | C10: Sí | D10: relleno | E10: fondo (todas)
A11: p10 | B11: ¿Aparecían otros peatones en la calle, además de los protagonistas? | C11: No | D11: relleno | E11: todas
A12: c1_recuerdo | B12: ¿Qué número llevaba en la camiseta uno de los hombres? | C12: 17 | D12: crítico | E12: solo escena común (0-4 s antes del incidente)
A13: c2_reconocimiento | B13: De estas opciones, ¿cuál era el número de la camiseta? | C13: 17 | D13: crítico | E13: solo escena común

Sheet Asignaciones
A1: fecha | B1: cohorte | C1: condicion

Sheet Leeme
A1: Pestaña / columna | B1: Descripción
A2: Resumen | B2: Estadísticos en vivo calculados con fórmulas a partir de 'Respuestas'. Cambia B4 para filtrar una cohorte.
A3: Respuestas | B3: Una fila por participante. La escribe la web (no editar las cabeceras de la fila 1).
A4: Clave | B4: Respuestas correctas del cuestionario (solo informativa; la codificación la hace la web).
A5: Asignaciones | B5: Registro de la aleatorización equilibrada (una fila por consentimiento aceptado).
A6: condicion | B6: experimental (final impactante) / control (final neutro)
A7: pXX / pXX_ok / pXX_conf | B7: respuesta bruta / 1 = acierto, 0 = error / seguridad 1-5
A8: aciertos_relleno | B8: VD principal: suma de aciertos en los 10 ítems de relleno
A9: c1_recuerdo_ok | B9: ítem crítico: recuerdo libre del número de la camiseta (17)
A10: c2_reconocimiento_ok | B10: ítem crítico: reconocimiento entre 10, 13, 1 y 17
A11: malestar | B11: control de la manipulación (1-5)
A12: cambios_pestana, conocia, condiciones | B12: criterios de exclusión
... A14: Apps Script | B14: Extensiones > Apps Script: pegar apps-script/Code.gs e implementar como aplicación web (ver README).
